1|Keegan Kennedy|at.libero.Morbi@ornareelit.ca|29/10/2013
2|Steel Park|tempus@lectus.com|27/07/2013
3|Jelani Coleman|penatibus.et.magnis@dolordapibus.com|08/10/2013
4|Graiden Burton|montes.nascetur.ridiculus@sapienmolestieorci.com|23/07/2013
5|Samson Casey|Cras.vehicula.aliquet@antebibendum.com|16/07/2013
6|Carson Hicks|egestas@nisl.ca|20/06/2012
7|Eagan Conley|elit@atsem.com|08/06/2012
8|Quinlan Booker|Nulla.tempor.augue@id.ca|09/04/2012
9|Carl Spencer|Quisque@vulputate.com|06/08/2013
10|Marshall Kemp|Pellentesque.habitant.morbi@tinciduntvehicularisus.ca|05/05/2012
11|Ali Gardner|lacus.Aliquam.rutrum@egestasAliquam.edu|07/02/2013
12|Tiger Anthony|Nunc.commodo@primis.ca|20/12/2012
13|Dustin Salazar|aliquet.molestie.tellus@netusetmalesuada.org|28/07/2013
14|Moses Pollard|iaculis.aliquet.diam@Curabitur.edu|19/01/2013
15|Brody Pate|vulputate@ipsum.org|14/10/2013
16|Kamal Moody|Sed.auctor.odio@Phasellusornare.edu|01/01/2014
17|Palmer Hurley|morbi@dui.org|10/07/2012
18|Vincent Mcdowell|tempus@tellus.ca|25/05/2012
19|Judah Mullen|ridiculus@Nunclectus.ca|17/03/2012
20|Geoffrey Boyd|ac.feugiat@nonnisiAenean.com|27/08/2012
21|Galvin Gallagher|semper.Nam@arcuVestibulumut.edu|04/05/2012
22|Andrew Franklin|posuere.enim.nisl@pellentesquetellussem.org|13/05/2012
23|Colby Riggs|Sed.nec@pedesagittis.com|14/04/2012
24|Quinlan Carpenter|ante@commodo.edu|03/12/2012
25|Wesley Rivera|ac.libero@a.com|12/05/2013
26|Sylvester Morin|mattis.velit@semegetmassa.ca|28/01/2013
27|Sebastian Cooper|neque.Nullam@interdumCurabiturdictum.ca|04/03/2013
28|Geoffrey Ayers|Nunc@magna.com|24/02/2013
29|Gray Ferguson|Vivamus.nisi@at.org|27/06/2013
30|Cade Boyle|tincidunt@habitantmorbitristique.ca|11/06/2013
31|Michael Dunlap|Sed.nulla.ante@utodio.org|16/04/2013
32|Harding Miller|felis.eget@Suspendisseac.edu|12/10/2012
33|Roth Gibbs|dolor.egestas@etmalesuada.org|14/12/2012
34|Marvin Spencer|pharetra@seddolorFusce.ca|01/11/2012
35|Moses Gomez|Nulla.dignissim.Maecenas@ultricesVivamus.ca|28/04/2012
36|Armando Camacho|semper.dui@sitametconsectetuer.com|19/02/2012
37|Guy Poole|velit@auctor.com|17/04/2012
38|Merrill Livingston|euismod@dolorelit.edu|30/12/2012
39|Fletcher Vaughan|mollis@quam.com|19/06/2013
40|Stuart Lloyd|Cras.interdum@lectuspedeet.com|18/02/2012
41|Hasad Stokes|fringilla.cursus.purus@utnisi.edu|15/03/2013
42|Mason Rice|quam.a@Aliquam.org|15/10/2013
43|Nathaniel Bryan|et.netus.et@mi.edu|25/11/2012
44|Drake Rios|at.augue@semper.edu|06/07/2013
45|Zachary Rosa|est.Nunc@euarcuMorbi.com|19/05/2012
46|Demetrius Hahn|diam.nunc@aliquet.com|04/06/2012
47|Hashim Newman|aliquet@dapibusgravidaAliquam.edu|10/09/2013
48|Ray Singleton|nunc@adipiscingenim.com|25/02/2013
49|Vance Rogers|Aliquam.tincidunt@dolornonummy.com|13/01/2012
50|Dale Donaldson|enim.Etiam@arcuimperdiet.com|26/01/2012
51|Paul Woodard|Mauris.vel.turpis@utipsum.com|15/03/2013
52|Hamilton Prince|in.faucibus@lacusvarius.com|26/03/2012
53|Clayton Rivera|ut.cursus@arcuimperdiet.edu|29/08/2012
54|Bruno Wells|fringilla.est@pulvinar.ca|17/11/2012
55|Ronan Bell|cursus.in@vitae.ca|16/01/2013
56|Murphy Alvarez|Nam@AliquamnislNulla.com|07/05/2012
57|Ezra Mccarty|magna.et.ipsum@ametornare.org|23/09/2012
58|Tucker Franks|Phasellus.dapibus.quam@sit.com|16/05/2012
59|Hunter Dixon|ornare.lectus@odio.ca|23/03/2012
60|Ezekiel Wilder|a.scelerisque@vitaerisusDuis.edu|11/07/2013
61|Oren Kane|eget.metus@augue.org|14/02/2012
62|Hamilton Keller|velit.dui@Donecestmauris.com|29/10/2013
63|Arthur Gibson|ante.iaculis.nec@primisin.ca|21/04/2013
64|Tad Acosta|ipsum.primis.in@variusNamporttitor.com|12/05/2012
65|Wang Cochran|Donec.est@Suspendissenonleo.ca|01/07/2013
66|Oren Cameron|molestie.sodales@Duisa.org|24/11/2012
67|Hamish Waller|lectus.rutrum.urna@nec.edu|19/01/2013
68|Sebastian Wynn|posuere.cubilia.Curae;@orciquislectus.ca|27/11/2012
69|Wyatt Wolfe|nunc@blandit.org|15/03/2013
70|Ryder Mclean|et.rutrum@nequenonquam.org|05/02/2012
71|Fritz Moreno|vitae@nullaat.com|13/06/2012
72|Sean Vincent|nibh@adipiscinglobortisrisus.com|10/03/2012
73|Tucker Rowland|tempor.lorem@tinciduntduiaugue.ca|27/11/2013
74|Walker Fields|libero.et@InloremDonec.com|20/07/2013
75|Lewis Ochoa|ipsum@diam.ca|20/06/2012
76|Thomas Leach|auctor@sedleo.com|27/06/2012
77|Galvin Mendez|sit.amet.ornare@Duisac.edu|02/09/2013
78|Charles Townsend|cursus.luctus.ipsum@Integer.ca|01/12/2013
79|Avram Drake|neque@Crasvehiculaaliquet.org|21/09/2013
80|Dalton Roberson|leo.elementum@dictum.ca|23/06/2013
81|Peter Albert|mauris.rhoncus@sitamet.com|30/11/2013
82|Allen Lane|amet.diam@ametnulla.com|25/04/2012
83|Lane Avila|tortor@pede.com|10/07/2012
84|Ciaran Barrera|dui@nonantebibendum.org|21/10/2013
85|Brenden Cox|lectus.pede@Nam.edu|20/09/2013
86|Ryder Brennan|commodo.tincidunt@iaculisodio.edu|25/06/2012
87|Ali Ortiz|natoque.penatibus@eleifendegestasSed.com|02/07/2012
88|Zeph Howell|adipiscing.lobortis.risus@metusIn.org|28/08/2013
89|Eagan House|arcu@Loremipsum.com|27/03/2013
90|Stephen Morin|orci.consectetuer@utipsumac.org|26/02/2013
91|Finn Tran|Mauris.eu.turpis@maurissit.edu|16/09/2013
92|Eagan Arnold|lectus.pede@sitamet.org|18/05/2013
93|Wesley Wade|In@felisorci.org|29/11/2013
94|Alec Davis|Curabitur@fringillaestMauris.org|01/02/2012
95|Lars Cross|gravida@nulla.com|12/02/2013
96|Nero Blackwell|convallis.convallis@Donec.com|19/11/2012
97|Kasper Steele|Proin.vel.nisl@lacusQuisquepurus.ca|17/07/2013
98|Carter Hunter|mauris.eu@Curabituregestasnunc.edu|07/11/2013
99|Kane Walters|blandit.enim.consequat@laoreet.edu|03/09/2013
100|Davis Roach|in.dolor@sitametluctus.edu|07/12/2013
101|Vladimir Norman|Donec.nibh@Curabiturdictum.edu|28/07/2013
102|Ezekiel Cortez|euismod.enim.Etiam@velitdui.org|07/09/2013
103|Felix Sykes|in.consectetuer.ipsum@MaurismagnaDuis.edu|24/07/2013
104|Yoshio Hurley|placerat@neque.edu|27/08/2012
105|Barry Medina|eget@Etiam.org|24/07/2012
106|Rudyard Robertson|dictum.cursus@massaSuspendisseeleifend.org|09/05/2012
107|Luke Ray|interdum.libero@lectusjusto.ca|11/11/2012
108|Hyatt Spears|a.purus.Duis@felis.org|12/11/2012
109|Kasper Todd|eget.magna.Suspendisse@vitaemauris.org|23/11/2013
110|Raphael Rogers|consectetuer@atfringilla.ca|18/04/2013
111|Kadeem Daniels|auctor.Mauris@etliberoProin.edu|30/05/2012
112|Leo Ellis|nonummy@ultrices.org|21/06/2013
113|Herrod Evans|purus@euismod.org|14/02/2012
114|Michael Henderson|sagittis.felis@Praesent.edu|22/02/2012
115|Peter Hawkins|diam.Duis.mi@euaugue.org|10/05/2013
116|Kirk Hicks|facilisi.Sed.neque@anuncIn.com|27/01/2012
117|Reuben Thomas|inceptos.hymenaeos.Mauris@Donec.com|30/05/2013
118|Ezekiel Gibbs|metus.eu.erat@auctornonfeugiat.org|04/08/2013
119|Vaughan Thompson|Nunc.ullamcorper@id.edu|11/04/2013
120|Tucker Ballard|amet.dapibus@Curae;Phasellus.org|17/06/2013
121|Bruce Bass|ullamcorper@accumsanlaoreetipsum.edu|14/08/2013
122|Bradley Atkinson|lectus.convallis@duiquis.com|16/11/2012
123|Benjamin Riggs|erat@ultriciessemmagna.org|16/08/2012
124|Wyatt Doyle|enim.mi.tempor@quam.com|24/02/2013
125|Omar Kirk|nulla@eunulla.ca|19/08/2013
126|Jack Benjamin|non@magna.edu|24/02/2012
127|Hashim Ashley|ante.iaculis@suscipitestac.org|13/05/2012
128|Holmes Erickson|massa@quamquis.com|01/02/2012
129|Reece Garza|Praesent.luctus.Curabitur@loremDonecelementum.com|17/06/2012
130|Garrett Young|Integer@diam.com|26/04/2013
131|Bruce Stephenson|id.ante@Donecestmauris.edu|28/02/2012
132|Merritt Pratt|aliquet.sem.ut@at.org|03/02/2012
133|Joel Blair|Quisque.ac.libero@Nullamsuscipit.ca|29/09/2013
134|Craig Holder|eu@erosnon.org|06/07/2012
135|Ishmael Strong|venenatis.vel.faucibus@malesuadamalesuadaInteger.edu|19/09/2012
136|Lyle Padilla|arcu@Nullaeget.com|31/08/2012
137|Hayes Battle|nec@leo.com|12/11/2012
138|Joel Long|fermentum@risusDonecnibh.com|12/09/2013
139|Graham Blankenship|et.euismod.et@lacusvariuset.org|05/01/2013
140|Neville Howell|diam.Sed.diam@netus.org|14/10/2013
141|Kenyon Bridges|ac@mollis.edu|14/05/2012
142|Declan Clemons|nonummy@sociisnatoquepenatibus.org|05/07/2012
143|Mufutau Ayers|risus.Donec.egestas@ultrices.ca|02/01/2013
144|Arsenio Reilly|magna.Lorem@Cras.edu|19/10/2012
145|Fletcher Frost|nibh.dolor.nonummy@massarutrum.ca|24/01/2013
146|Kato Duran|lacus.pede.sagittis@sitamet.org|05/12/2012
147|Cairo Saunders|Aliquam@infelisNulla.ca|28/02/2013
148|Walter Bell|non.sollicitudin.a@duiquisaccumsan.ca|18/10/2013
149|Alden Patrick|scelerisque.neque.Nullam@tellus.com|01/11/2013
150|Hasad Sanford|elit@nisl.ca|08/09/2012
151|Jason Mcgowan|sem.magna@pretiumneque.org|05/08/2012
152|Daquan Tillman|Sed.neque@facilisisnonbibendum.edu|28/06/2013
153|Preston Suarez|nonummy@imperdietnon.edu|28/07/2013
154|Lee Riggs|aliquam.eu@pedesagittis.edu|01/11/2013
155|Malcolm Callahan|est.congue.a@estMauriseu.ca|23/03/2012
156|Burke Bright|sollicitudin.orci@morbi.org|23/07/2012
157|Wesley English|pede.blandit.congue@varius.org|06/03/2012
158|Orson Stein|felis.ullamcorper.viverra@perinceptos.com|02/12/2012
159|Colin Browning|tempor.lorem@volutpat.edu|19/09/2012
160|Xander Riley|magna.Sed.eu@perinceptoshymenaeos.org|09/10/2013
161|Sylvester Buckley|pede@tortorInteger.org|15/01/2012
162|Jonas Thompson|arcu@semegestasblandit.org|12/11/2012
163|Gregory Butler|at@nibh.org|26/08/2012
164|Hyatt Tyler|non.luctus@ametorciUt.org|06/07/2012
165|Kareem Ramirez|in@eudoloregestas.com|10/01/2013
166|Cullen Donovan|eu.placerat.eget@aliquet.edu|27/09/2012
167|Trevor Sharp|sociis.natoque.penatibus@vitaediamProin.ca|27/07/2012
168|Chaney Fitzpatrick|lorem.sit@malesuada.edu|29/10/2013
169|Tanner Lowery|est.tempor.bibendum@aliquet.ca|16/03/2013
170|Cadman Alexander|aliquet@elit.edu|12/09/2012
171|Giacomo Winters|Duis@porttitorvulputateposuere.org|21/07/2013
172|Prescott Owens|mi.Aliquam@orciDonecnibh.org|21/07/2012
173|Chancellor Cervantes|ut.nisi.a@eleifendnuncrisus.org|04/11/2012
174|Zeus Cooper|vitae.aliquam@Curabitur.org|09/04/2013
175|Hop Macdonald|malesuada.vel.convallis@maurisInteger.edu|25/07/2012
176|Evan Terrell|eu.eros.Nam@Phasellusdolor.edu|07/01/2012
177|Kelly Koch|facilisis.lorem.tristique@tortornibhsit.ca|05/12/2012
178|Gage Turner|dapibus.ligula@eget.org|01/01/2013
179|Elijah Foster|elit@laciniamattisInteger.org|19/10/2013
180|Garrison Reilly|posuere.cubilia.Curae;@eudui.ca|31/07/2013
181|Curran Bennett|Sed.pharetra.felis@blanditviverra.org|18/01/2012
182|Cullen Cannon|urna.convallis@vitae.ca|25/05/2012
183|Cairo Lyons|mauris.Suspendisse@tellusfaucibusleo.com|09/06/2013
184|Nehru Heath|arcu.Vivamus.sit@vitae.ca|02/08/2012
185|Rigel Hardin|tristique.senectus.et@atpretium.ca|20/11/2012
186|Ahmed Farrell|sociosqu.ad@risusNunc.ca|21/01/2013
187|Hoyt Pearson|venenatis.vel.faucibus@egestas.edu|26/08/2013
188|Brady Albert|mauris.ipsum@enimsit.ca|27/07/2012
189|Keith Barnett|Mauris.eu.turpis@seddictum.com|16/12/2012
190|Stewart Bates|lacus.varius@a.edu|25/09/2012
191|Otto Ramirez|eget@tortorat.ca|23/10/2012
192|Noble Gaines|tempor.erat.neque@tristique.org|29/09/2012
193|Omar Monroe|mi.enim@sodalesatvelit.org|08/05/2013
194|Beck Roberson|gravida@dapibusidblandit.ca|09/04/2012
195|Caesar Glass|sem@scelerisque.edu|27/06/2012
196|Justin Wiggins|vehicula.Pellentesque.tincidunt@lectus.edu|18/07/2012
197|Lee Dyer|risus.Morbi.metus@feugiatplaceratvelit.org|05/08/2012
198|Kato Poole|viverra.Donec@iaculisnec.org|07/02/2013
199|Erasmus Beck|est.ac@ultricessit.com|12/04/2012
200|Ivan Malone|elementum.at@tellusAenean.com|04/12/2013

